Andaman and Nicobar Islands,North Andaman
Andaman and Nicobar Islands,South Andaman
Andaman and Nicobar Islands,Nicobar
Andhra Pradesh,Adilabad
Andhra Pradesh,Anantapur
Andhra Pradesh,Chittoor
Andhra Pradesh,East Godavari
Andhra Pradesh,Guntur
Andhra Pradesh,Hyderabad
Andhra Pradesh,Karimnagar
Andhra Pradesh,Khammam
Andhra Pradesh,Krishna
Andhra Pradesh,Kurnool
Andhra Pradesh,Mahbubnagar
Andhra Pradesh,Medak
Andhra Pradesh,Nalgonda
Andhra Pradesh,Nizamabad
Andhra Pradesh,Prakasam
Andhra Pradesh,Ranga Reddy
Andhra Pradesh,Srikakulam
Andhra Pradesh,Sri Potti Sri Ramulu Nellore
Andhra Pradesh,Vishakhapatnam
Andhra Pradesh,Vizianagaram
Andhra Pradesh,Warangal
Andhra Pradesh,West Godavari
Andhra Pradesh,Cudappah
Arunachal Pradesh,Anjaw
Arunachal Pradesh,Changlang
Arunachal Pradesh,East Siang
Arunachal Pradesh,East Kameng
Arunachal Pradesh,Kurung Kumey
Arunachal Pradesh,Lohit
Arunachal Pradesh,Lower Dibang Valley
Arunachal Pradesh,Lower Subansiri
Arunachal Pradesh,Papum Pare
Arunachal Pradesh,Tawang
Arunachal Pradesh,Tirap
Arunachal Pradesh,Dibang Valley
Arunachal Pradesh,Upper Siang
Arunachal Pradesh,Upper Subansiri
Arunachal Pradesh,West Kameng
Arunachal Pradesh,West Siang
Assam,Baksa
Assam,Barpeta
Assam,Bongaigaon
Assam,Cachar
Assam,Chirang
Assam,Darrang
Assam,Dhemaji
Assam,Dima Hasao
Assam,Dhubri
Assam,Dibrugarh
Assam,Goalpara
Assam,Golaghat
Assam,Hailakandi
Assam,Jorhat
Assam,Kamrup
Assam,Kamrup Metropolitan
Assam,Karbi Anglong
Assam,Karimganj
Assam,Kokrajhar
Assam,Lakhimpur
Assam,Marigaon
Assam,Nagaon
Assam,Nalbari
Assam,Sibsagar
Assam,Sonitpur
Assam,Tinsukia
Assam,Udalguri
Bihar,Araria
Bihar,Arwal
Bihar,Aurangabad
Bihar,Banka
Bihar,Begusarai
Bihar,Bhagalpur
Bihar,Bhojpur
Bihar,Buxar
Bihar,Darbhanga
Bihar,East Champaran
Bihar,Gaya
Bihar,Gopalganj
Bihar,Jamui
Bihar,Jehanabad
Bihar,Kaimur
Bihar,Katihar
Bihar,Khagaria
Bihar,Kishanganj
Bihar,Lakhisarai
Bihar,Madhepura
Bihar,Madhubani
Bihar,Munger
Bihar,Muzaffarpur
Bihar,Nalanda
Bihar,Nawada
Bihar,Patna
Bihar,Purnia
Bihar,Rohtas
Bihar,Saharsa
Bihar,Samastipur
Bihar,Saran
Bihar,Sheikhpura
Bihar,Sheohar
Bihar,Sitamarhi
Bihar,Siwan
Bihar,Supaul
Bihar,Vaishali
Bihar,West Champaran
Chandigarh,Chandigarh
Chhattisgarh,Bastar
Chhattisgarh,Bijapur
Chhattisgarh,Bilaspur
Chhattisgarh,Dantewada
Chhattisgarh,Dhamtari
Chhattisgarh,Durg
Chhattisgarh,Jashpur
Chhattisgarh,Janjgir-Champa
Chhattisgarh,Korba
Chhattisgarh,Koriya
Chhattisgarh,Kanker
Chhattisgarh,Kabirdham (formerly Kawardha)
Chhattisgarh,Mahasamund
Chhattisgarh,Narayanpur
Chhattisgarh,Raigarh
Chhattisgarh,Rajnandgaon
Chhattisgarh,Raipur
Chhattisgarh,Surguja
Dadra and Nagar Haveli,Dadra and Nagar Haveli
Daman and Diu,Daman
Daman and Diu,Diu
Delhi,Central Delhi
Delhi,East Delhi
Delhi,New Delhi
Delhi,North Delhi
Delhi,North East Delhi
Delhi,North West Delhi
Delhi,South Delhi
Delhi,South West Delhi
Delhi,West Delhi
Goa,North Goa
Goa,South Goa
Gujarat,Ahmedabad
Gujarat,Amreli district
Gujarat,Anand
Gujarat,Banaskantha
Gujarat,Bharuch
Gujarat,Bhavnagar
Gujarat,Dahod
Gujarat,The Dangs
Gujarat,Gandhinagar
Gujarat,Jamnagar
Gujarat,Junagadh
Gujarat,Kutch
Gujarat,Kheda
Gujarat,Mehsana
Gujarat,Narmada
Gujarat,Navsari
Gujarat,Patan
Gujarat,Panchmahal
Gujarat,Porbandar
Gujarat,Rajkot
Gujarat,Sabarkantha
Gujarat,Surendranagar
Gujarat,Surat
Gujarat,Tapi
Gujarat,Vadodara
Gujarat,Valsad
Haryana,Ambala
Haryana,Bhiwani
Haryana,Faridabad
Haryana,Fatehabad
Haryana,Gurgaon
Haryana,Hissar
Haryana,Jhajjar
Haryana,Jind
Haryana,Karnal
Haryana,Kaithal
Haryana,Kurukshetra
Haryana,Mahendragarh
Haryana,Mewat
Haryana,Palwal
Haryana,Panchkula
Haryana,Panipat
Haryana,Rewari
Haryana,Rohtak
Haryana,Sirsa
Haryana,Sonipat
Haryana,Yamuna Nagar
Himachal Pradesh,Bilaspur
Himachal Pradesh,Chamba
Himachal Pradesh,Hamirpur
Himachal Pradesh,Kangra
Himachal Pradesh,Kinnaur
Himachal Pradesh,Kullu
Himachal Pradesh,Lahaul and Spiti
Himachal Pradesh,Mandi
Himachal Pradesh,Shimla
Himachal Pradesh,Sirmaur
Himachal Pradesh,Solan
Himachal Pradesh,Una
Jammu and Kashmir,Anantnag
Jammu and Kashmir,Badgam
Jammu and Kashmir,Bandipora
Jammu and Kashmir,Baramulla
Jammu and Kashmir,Doda
Jammu and Kashmir,Ganderbal
Jammu and Kashmir,Jammu
Jammu and Kashmir,Kargil
Jammu and Kashmir,Kathua
Jammu and Kashmir,Kishtwar
Jammu and Kashmir,Kupwara
Jammu and Kashmir,Kulgam
Jammu and Kashmir,Leh
Jammu and Kashmir,Poonch
Jammu and Kashmir,Pulwama
Jammu and Kashmir,Rajauri
Jammu and Kashmir,Ramban
Jammu and Kashmir,Reasi
Jammu and Kashmir,Samba
Jammu and Kashmir,Shopian
Jammu and Kashmir,Srinagar
Jammu and Kashmir,Udhampur
Jharkhand,Bokaro
Jharkhand,Chatra
Jharkhand,Deoghar
Jharkhand,Dhanbad
Jharkhand,Dumka
Jharkhand,East Singhbhum
Jharkhand,Garhwa
Jharkhand,Giridih
Jharkhand,Godda
Jharkhand,Gumla
Jharkhand,Hazaribag
Jharkhand,Jamtara
Jharkhand,Khunti
Jharkhand,Koderma
Jharkhand,Latehar
Jharkhand,Lohardaga
Jharkhand,Pakur
Jharkhand,Palamu
Jharkhand,Ramgarh
Jharkhand,Ranchi
Jharkhand,Sahibganj
Jharkhand,Seraikela Kharsawan
Jharkhand,Simdega
Jharkhand,West Singhbhum
Karnataka,Bagalkot
Karnataka,Bangalore Rural
Karnataka,Bangalore Urban
Karnataka,Belgaum11
Karnataka,Bellary
Karnataka,Bidar
Karnataka,Bijapur
Karnataka,Chamarajnagar
Karnataka,Chikkamagaluru
Karnataka,Chikkaballapur
Karnataka,Chitradurga
Karnataka,Davanagere
Karnataka,Dharwad
Karnataka,Dakshina Kannada
Karnataka,Gadag
Karnataka,Gulbarga
Karnataka,Hassan
Karnataka,Haveri district
Karnataka,Kodagu
Karnataka,Kolar
Karnataka,Koppal
Karnataka,Mandya
Karnataka,Mysore
Karnataka,Raichur
Karnataka,Shimoga
Karnataka,Tumkur
Karnataka,Udupi
Karnataka,Uttara Kannada
Karnataka,Ramanagara
Karnataka,Yadgir
